id_usuario,municipio,cargo,criacao_data
b7728b2e-f059-4b08-ae33-34216e9203a2,Itabirito - MG,Coordenação APS,2023-06-22
20ea9d19-d132-4bc2-baed-4a68aaaa3353,Juquitiba - SP,Coordenação de Equipe,2022-11-08
cb58836c-062a-45fe-af65-fd69b272979e,Minaçu - GO,Coordenação de Equipe,2022-11-10
a51710c2-0aa2-4e6f-babb-cc67319da274,Juquitiba - SP,Coordenação de Equipe,2022-11-08
2c21b434-6e18-409c-a767-fa263c53aa37,Minaçu - GO,Coordenação de Equipe,2022-11-10
a0b3379b-d7e0-409c-85db-227a3d5d74ca,Juquitiba - SP,Coordenação APS,2022-11-08
4880d5fd-88d5-4c86-b320-3ed89a1f46f4,Juquitiba - SP,Coordenação APS,2022-11-08
b318b155-32e7-43f4-87b4-247954a45ce0,Rio Piracicaba - MG,Coordenação APS,2022-11-10
482c8298-6022-45d3-bcda-6a9f0293e69c,Minaçu - GO,Coordenação de Equipe,2022-11-10
c95b247b-5ea3-4cbe-8624-adcf5bf7fa01,Três Marias - MG,Coordenação APS,2022-11-10
0cef5c5a-d7a2-4407-9f0f-12fcace724a0,Juquitiba - SP,Coordenação de Equipe,2022-11-08
5d477919-6507-47ce-9529-d91a483427ab,Três Marias - MG,Coordenação de Equipe,2022-11-10
157fed5a-21e2-4e6e-996a-fc2f73470c41,Juquitiba - SP,Coordenação de Equipe,2022-11-08
a131abbc-ddd3-43d7-92df-d73e968d0f7a,Juquitiba - SP,Coordenação de Equipe,2022-11-08
46686f6f-e62c-49ca-942e-ab734d8da997,Juquitiba - SP,Coordenação de Equipe,2022-11-08
0d7d8216-15ff-4f1a-a91f-ea4bd6e500a0,Juquitiba - SP,Coordenação de Equipe,2022-11-08
d55120d0-6922-4566-8ed6-b7baf311c2e7,Juquitiba - SP,Coordenação de Equipe,2022-11-08
1ce8cbe0-9f26-4472-bcb0-1a4efcfa50bd,Minaçu - GO,Coordenação de Equipe,2022-11-10
05c4b74f-7406-4978-99ae-a94ee55cfb05,Minaçu - GO,Coordenação de Equipe,2022-11-10
7da4250a-920f-495d-a2b9-7a1be1461afa,Minaçu - GO,Coordenação de Equipe,2022-11-10
aab49c64-84c5-4b47-8359-0583dc7447f3,Minaçu - GO,Coordenação de Equipe,2022-11-10
1c3e821a-c72f-49ac-a214-4bc78436f3e9,Três Marias - MG,Coordenação de Equipe,2022-11-10
2531d655-c636-4b45-b05d-d289581965e1,Três Marias - MG,Coordenação de Equipe,2022-11-10
30c719b4-3b58-40a3-bc72-46a5068c8082,Três Marias - MG,Coordenação de Equipe,2022-11-10
d7b4af97-e582-40ff-8d45-dfe7ad9f54ea,Três Marias - MG,Coordenação de Equipe,2022-11-10
f7a68ad1-baf9-4555-b4e8-ee982a62c92c,Três Marias - MG,Coordenação de Equipe,2022-11-10
fa84fb36-7242-4298-95f3-5b9e1f49d6c9,Três Marias - MG,Coordenação de Equipe,2022-11-10
dce92760-05ab-4bb6-a767-54b816d77d8e,Rio Piracicaba - MG,Coordenação de Equipe,2022-11-10
436b2cab-d496-439b-adcb-e22238f5657a,Rio Piracicaba - MG,Coordenação de Equipe,2022-11-10
d06ddc07-d993-4cb4-ba1b-c03453a3d4b2,Rio Piracicaba - MG,Coordenação de Equipe,2022-11-10
8249e799-62d1-4d44-9497-f0f20909f202,Rio Piracicaba - MG,Coordenação de Equipe,2022-11-10
8efc1161-c53d-4e23-ba67-afd07c940c12,Rio Piracicaba - MG,Coordenação de Equipe,2022-11-10
80d3ec60-ac8a-4640-bcf7-36e6c5b027cc,Rio Piracicaba - MG,Coordenação APS,2022-11-10
1e1f8395-5e72-4822-b598-747b41743f7d,Guapó - GO,Coordenação de Equipe,2022-11-10
c64705ae-98b5-4ccb-bd31-a10993bc628c,Guapó - GO,Coordenação de Equipe,2022-11-10
155a4f60-afb1-4c43-8e4b-64e987b4b48e,Guapó - GO,Coordenação de Equipe,2022-11-10
9de4d2a4-9b1d-42fb-ae7a-97b2c77db3da,Três Marias - MG,Coordenação de Equipe,2022-11-10
0103a1d1-96c8-4d98-b263-0549294aff13,Juquitiba - SP,Coordenação de Equipe,2022-11-08
f17141af-4c13-4166-88a5-93596d84d8d5,Guapó - GO,Coordenação de Equipe,2022-11-10
70e33d87-e0f4-4cf2-ad6d-61975b19cb6b,Guapó - GO,Coordenação de Equipe,2022-11-10
bf7b39e9-cb6b-4b28-b76e-7895caeceb2b,Guapó - GO,Coordenação de Equipe,2022-11-10
4d525d4d-7584-43d8-aad4-94b0cfeb6c06,Xapuri - AC,Coordenação de Equipe,2022-11-22
c76e26b4-3e55-4245-8ef5-627611642380,Xapuri - AC,Coordenação de Equipe,2022-11-22
93d0f61d-0a93-49e6-be9b-45bae0667777,Xapuri - AC,Coordenação de Equipe,2022-11-22
35ae15b4-6f60-4428-a483-11369e89f270,Xapuri - AC,Coordenação de Equipe,2022-11-22
d3c2b92d-bc39-42da-b111-9f65453887cc,Xapuri - AC,Coordenação de Equipe,2022-11-22
97a48ad8-d0e6-437e-b448-45b4cde00d06,Xapuri - AC,Coordenação de Equipe,2022-11-22
299e9958-9ce8-4956-99ee-9869f2d97c46,Xapuri - AC,Coordenação de Equipe,2022-11-22
7cde1ae1-ba57-4565-a126-0c34fc92ea72,Xapuri - AC,Coordenação de Equipe,2022-11-22
8c038eab-3ef4-4d61-920b-aa729f083f60,Xapuri - AC,Coordenação APS,2022-11-22
4f2bec25-09de-4202-b135-ddda81b9b4d2,Xapuri - AC,Coordenação APS,2022-11-22
5d0f5fc2-d62c-47b7-951e-de30e16a7a92,Tamandaré - PE,Coordenação de Equipe,2022-11-22
86dce9fd-e417-4ad9-9a7b-130ff6b6c2d0,Tamandaré - PE,Coordenação de Equipe,2022-11-22
79bd1476-b8e9-4613-92dd-3daf4d991973,Tamandaré - PE,Coordenação de Equipe,2022-11-22
bf699938-a189-4a08-b6a4-707d44f2ef93,Tamandaré - PE,Coordenação de Equipe,2022-11-22
d9698f36-98a4-4cb9-8b23-ffb427aac09a,Tamandaré - PE,Coordenação de Equipe,2022-11-22
f0e83385-8434-44f6-8f20-dcf4791c1066,Tamandaré - PE,Coordenação de Equipe,2022-11-22
4072b91d-40c6-4ea8-ab01-a71480c8b4c5,Tamandaré - PE,Coordenação de Equipe,2022-11-22
78db1cba-e122-4dbc-9292-de4df0eb2f17,Tamandaré - PE,Coordenação de Equipe,2022-11-22
66700846-28bd-4fd2-b4e0-91888f9b1756,Tamandaré - PE,Coordenação de Equipe,2022-11-22
012b063f-73d4-49e8-b8ed-7f9d5879ec6b,Tamandaré - PE,Coordenação de Equipe,2022-11-22
c11964a9-0210-4238-88bc-559a95560f1a,Rio da Conceição - TO,Coordenação APS,2022-11-22
2318c2d1-5a00-4f3c-ba3e-f1062dda7769,Rio da Conceição - TO,Coordenação APS,2022-11-22
ee384e21-44d1-4af3-9956-b6d5eecc8d4d,Rio da Conceição - TO,Coordenação APS,2022-11-22
6c3d004f-b498-4e81-a2e9-a0e91d73d2ff,Rio da Conceição - TO,Coordenação de Equipe,2022-11-22
74fca956-64d2-4b3e-9812-484d43791d56,Viçosa - MG,Coordenação de Equipe,2022-11-23
b544ff03-1879-4768-a658-f7c90281064c,Viçosa - MG,Coordenação de Equipe,2022-11-23
677d1cdf-9036-4637-b962-fc6c85d67ebd,Viçosa - MG,Coordenação de Equipe,2022-11-23
e4ced84a-cff9-4793-9122-abd87acc85a0,Viçosa - MG,Coordenação de Equipe,2022-11-23
f89a5267-a370-4433-89ea-426ed8900352,Viçosa - MG,Coordenação de Equipe,2022-11-23
fb45029f-57b1-496d-9332-bc4012819fc9,Viçosa - MG,Coordenação de Equipe,2022-11-23
0390b54b-c5f1-47f8-b6da-b03747c66d08,Viçosa - MG,Coordenação de Equipe,2022-11-23
fd74c201-7f41-4f2b-ab1c-386184131603,Viçosa - MG,Coordenação de Equipe,2022-11-23
d93d25ca-201d-4e55-a208-60b054056366,Viçosa - MG,Coordenação APS,2022-11-23
4a4aff39-01ee-41e6-b590-8359d5da1352,Viçosa - MG,Coordenação de Equipe,2022-11-23
df0c1682-50a4-470e-b154-b9f95800b294,Viçosa - MG,Coordenação de Equipe,2022-11-23
b7ed00ee-bdf4-428d-881f-125f777053da,Viçosa - MG,Coordenação de Equipe,2022-11-23
4e3c2cfc-1e32-45a4-8ffe-1bcbbbe7fafa,Viçosa - MG,Coordenação de Equipe,2022-11-23
586110b1-1d2b-4828-af4a-317b02d89dbd,Viçosa - MG,Coordenação de Equipe,2022-11-23
50289def-421a-4601-99fd-5ed7180f8503,Viçosa - MG,Coordenação de Equipe,2022-11-23
b696ee9e-e963-40d0-8957-236de6e361a5,Viçosa - MG,Coordenação de Equipe,2022-11-23
9f6472a5-210b-4cad-85db-9d3af0b796fe,Viçosa - MG,Coordenação de Equipe,2022-11-23
cdb2f452-9495-42cb-8249-dead6fa427f4,Alagoinha - PE,Coordenação de Equipe,2022-12-07
166f0128-a2ea-4754-94ed-744709096214,Alagoinha - PE,Coordenação de Equipe,2022-12-07
e236ca92-7a08-4798-a116-e02ee4409cfe,Alagoinha - PE,Coordenação de Equipe,2022-12-07
1f7a83b6-9ae9-41b5-8e30-b28e47aa870d,Viçosa - MG,Coordenação de Equipe,2022-11-23
1ff534d8-271a-4963-8bd0-1fb24a046d24,Viçosa - MG,Coordenação de Equipe,2022-11-23
dbfe08ee-15fe-4c74-9692-d4a8ae0cefd6,Viçosa - MG,Coordenação de Equipe,2022-11-23
e2ac055f-9650-45a3-851e-23bd06122eec,Alagoinha - PE,Coordenação de Equipe,2022-12-07
b4b42aa7-f8d5-438e-a22d-a9bdb5641356,Viçosa - MG,Coordenação de Equipe,2022-11-23
dcb79bbd-3297-48f8-b344-0f972ea076d8,Minaçu - GO,Coordenação APS,2022-11-25
e671757c-e944-4818-96f9-38bdb76f8f3e,Alagoinha - PE,Coordenação de Equipe,2022-12-07
8ce816fa-6b8b-4505-a93a-be129cf40f69,Ponte Nova - MG,Coordenação de Equipe,2022-12-07
a68f269d-f84a-42f3-b404-5ae4fbcbb472,Ponte Nova - MG,Coordenação de Equipe,2022-12-07
697d9a17-21ec-4c9e-a8ca-9c7f32447eea,Ponte Nova - MG,Coordenação de Equipe,2022-12-07
4d4a7782-d2c6-4ade-8f22-b4bae3d20571,Ponte Nova - MG,Coordenação de Equipe,2022-12-07
8c29331c-8e8c-4b54-b1c9-46095743efa8,Ponte Nova - MG,Coordenação de Equipe,2022-12-07
a435c01b-8c89-470e-923a-af05fe485579,Ponte Nova - MG,Coordenação de Equipe,2022-12-07
17697b81-da60-41e8-bb88-036a4efc4cd3,Ponte Nova - MG,Coordenação de Equipe,2022-12-07
2ccb56c9-90af-4753-bb12-02106023a3dd,Ponte Nova - MG,Coordenação de Equipe,2022-12-07
052a039b-cf75-406c-a272-c58a7b95fe3c,Ponte Nova - MG,Coordenação de Equipe,2022-12-07
0d761ee7-2802-46ba-8305-ea6a8fe5a03f,Ponte Nova - MG,Coordenação de Equipe,2022-12-07
79ade63d-1572-4bb1-84a5-66ded91bf3c6,Ponte Nova - MG,Coordenação de Equipe,2022-12-07
b58c8641-ef2b-4fad-99e5-7bd6d5eece82,Ponte Nova - MG,Coordenação de Equipe,2022-12-07
3ed8bb88-dfde-4507-945b-822b26bbe3a3,Ponte Nova - MG,Coordenação de Equipe,2022-12-07
8cb21bf7-597c-4480-a913-96d16084f943,Ponte Nova - MG,Coordenação de Equipe,2022-12-07
d7a9bac8-f0b5-48de-891a-98e1162a4ce2,Ponte Nova - MG,Coordenação APS,2022-12-07
c18ff785-355d-44f6-bc53-77d1fa0f8159,Guapó - GO,Coordenação APS,2022-11-10
89de60fa-c64c-45ce-b40d-798eacde2a81,Nova Olinda do Maranhão - MA,Coordenação de Equipe,2022-12-08
803ae403-5f91-4d00-8967-264009c8d6ab,Nova Olinda do Maranhão - MA,Coordenação de Equipe,2022-12-08
67efd985-77ef-4842-b49a-018c5c62f4d8,Nova Olinda do Maranhão - MA,Coordenação de Equipe,2022-12-08
e9850357-3d43-41df-81ee-20a155e66df4,Nova Olinda do Maranhão - MA,Coordenação de Equipe,2022-12-08
eab62932-12c0-4a6e-8bae-b445e04f5583,Nova Olinda do Maranhão - MA,Coordenação de Equipe,2022-12-08
f5c9f335-6e3c-4e48-b9aa-606c40de71bd,Nova Olinda do Maranhão - MA,Coordenação APS,2022-12-08
8dca5ada-087d-4c0c-87d3-4293b9a30f5c,José Gonçalves de Minas - MG,Coordenação de Equipe,2022-12-20
bf5d24fb-427f-4c46-bb67-fe1ad3083cb4,José Gonçalves de Minas - MG,Coordenação de Equipe,2022-12-20
d2dcaf2e-2e9a-4bb8-bea2-191c9cb3fafd,Carmo do Rio Claro - MG,Coordenação de Equipe,2023-02-08
2976b3e3-9afe-4118-82d6-9924cae888b8,Carmo do Rio Claro - MG,Coordenação de Equipe,2023-02-08
9b43c8ba-679e-4a0e-85c9-a6a1fab0473a,Carmo do Rio Claro - MG,Coordenação de Equipe,2023-02-08
0a0b38c4-eeb8-4d3a-83e6-a42c3e0ffef0,Carmo do Rio Claro - MG,Coordenação de Equipe,2023-02-08
a674fc5e-d08a-4dc1-8930-f630ba6739df,Carmo do Rio Claro - MG,Coordenação de Equipe,2023-02-08
6a3d8e39-7a3c-48e3-9e11-9c5718cb24c4,Carmo do Rio Claro - MG,Coordenação de Equipe,2023-02-08
6bfdc552-377d-442f-aa47-d798758d1966,Carmo do Rio Claro - MG,Coordenação de Equipe,2023-02-08
92242029-cc17-44aa-8a0c-b318c5952deb,Carmo do Rio Claro - MG,Coordenação APS,2023-02-08
d46c0247-e152-415c-a3fa-493c232abf77,Alagoinha - PE,Coordenação de Equipe,2022-12-07
f8cee7e5-5c23-4217-a843-d8a78c3669ee,Alagoinha - PE,Coordenação APS,2022-12-07
8df178e4-3783-40a6-bd6e-2db4b62de409,Jaguapitã - PR,Coordenação de Equipe,2023-02-09
818e5736-d31c-4cc6-9745-5a668b65ab8e,Jaguapitã - PR,Coordenação de Equipe,2023-02-09
a6f31b2e-4a52-4b26-bad4-698f4b0c5d55,Jaguapitã - PR,Coordenação de Equipe,2023-02-09
b95677ab-281a-42b7-901a-f5c22100ff68,Nova Olinda do Maranhão - MA,Coordenação de Equipe,2022-12-08
3841cb10-fb12-405c-9d15-de365306303b,José Gonçalves de Minas - MG,Coordenação APS,2022-12-20
caea216e-327a-43af-9bab-101cf278d481,Carmo do Rio Claro - MG,Coordenação de Equipe,2023-02-08
9bca96ea-015f-419d-8fda-e3a73b450ad2,Alagoinha - PE,Coordenação de Equipe,2022-12-07
7d45fecd-4241-4764-8757-806598ab8f09,Carmo do Rio Claro - MG,Coordenação APS,2023-02-08
6a4b06aa-b0e8-4e04-8605-62a7fd6d7b01,Jaguapitã - PR,Coordenação de Equipe,2023-02-09
1fb0a0b8-012d-45d6-9908-6d31325929a6,Jaguapitã - PR,Coordenação APS,2023-02-09
e2680cfb-ca1e-44f3-b24e-f020220ef622,Jaguapitã - PR,Coordenação APS,2023-02-09
209acb14-4432-44e1-b7e9-7512aad2546c,Pirenópolis - GO,Coordenação de Equipe,2023-03-06
6a1de33a-5331-4b63-9526-b5ca344db8d3,Pirenópolis - GO,Coordenação de Equipe,2023-03-06
38493bdc-ff76-43d4-bea5-6a595eaffcc8,Brejo de Areia - MA,Coordenação de Equipe,2023-02-17
e066f08b-9225-4f96-abe1-3ace01481d45,Brejo de Areia - MA,Coordenação de Equipe,2023-02-17
d2de1742-887f-4a11-a7c4-36829b9b0dbb,Brejo de Areia - MA,Coordenação de Equipe,2023-02-17
441a7af4-ee8b-4fb5-88f5-a5f7b6c93e61,Brejo de Areia - MA,Coordenação de Equipe,2023-02-17
c3fe2a7d-863b-423d-964c-47638fa81581,Brejo de Areia - MA,Coordenação APS,2023-02-17
77f8497d-13f9-4c36-82b4-5c054ae3bb82,Boa Vista - PB,Médica (o),2023-03-03
b28bdcea-48df-4eaa-a611-790a07bab647,Boa Vista - PB,Médica (o),2023-03-03
7e8baee6-71ac-4268-930a-d92640dbfbfb,Pirenópolis - GO,Técnica (o) de Enfermagem,2023-03-03
5a0f9931-b513-44a2-9562-139dea8d0b80,Guapó - GO,Técnica (o) de Enfermagem,2023-03-03
98f99bc7-53e5-4789-8c71-1f788071ea94,Alagoinha - PE,Técnica (o) de Enfermagem,2023-03-03
c24e8b96-7889-4632-997e-2c9540cac23a,Boa Vista - PB,Médica (o),2023-03-03
ed791dec-f62e-4536-b0be-9c6c654e2834,Alagoinha - PE,Técnica (o) de Enfermagem,2023-03-03
dd91a6b5-8fa6-4662-8ed2-d2d1eed09039,Carmo do Rio Claro - MG,Técnica (o) de Enfermagem,2023-03-03
aba7ce28-27cb-4eb2-a651-c756be5c192a,Alagoinha - PE,Técnica (o) de Enfermagem,2023-03-03
33546cd0-a37a-4a5b-ba97-ecb16e5da6ae,Alagoinha - PE,Técnica (o) de Enfermagem,2023-03-03
091cd2f8-eda4-421a-b748-e685a28c5846,Minaçu - GO,Técnica (o) de Enfermagem,2023-03-03
f9943ba5-5c92-46db-b663-180693d0d7e4,Pirenópolis - GO,Enfermeira (o),2023-03-03
1a05e869-c3e8-4947-8414-2ffe22484d0c,Alagoinha - PE,Médica (o),2023-03-03
8116c0ef-d83d-426a-8445-c71c86ee3278,Pirenópolis - GO,Técnica (o) de Enfermagem,2023-03-03
8e1cb6d4-7448-416a-94a5-2de85f819b59,Pirenópolis - GO,Enfermeira (o),2023-03-03
75eaf34c-31a9-4c7f-9e5e-a860dd7dec20,Rio Piracicaba - MG,Enfermeira (o),2023-03-03
d7f39aab-3cd1-4421-a737-254531fd762a,Tamandaré - PE,Coordenação APS,2023-03-03
cfb73831-b990-480e-87d7-4e625c8f6e90,Xapuri - AC,Técnica (o) de Enfermagem,2023-03-03
86035b4e-ab41-41aa-97e7-5c3323e71bb1,Xapuri - AC,Médica (o),2023-03-03
3c709728-4613-40aa-ad5a-9baf5f5b2eb2,Boa Vista - PB,Coordenação de Equipe,2023-03-03
7c19ff0e-a49e-4a39-8a41-f296fc6c14df,Boa Vista - PB,Coordenação APS,2023-03-03
d346ed7e-a2a0-4369-8163-583a61c98a78,Boa Vista - PB,Coordenação de Equipe,2023-03-03
6b1eee9e-d99c-49d2-8b34-ce86014980f4,Boa Vista - PB,Coordenação de Equipe,2023-03-03
5056a322-625c-4b55-89ad-ecb696e10e13,Pirenópolis - GO,Coordenação de Equipe,2023-03-06
82f067b7-e6d4-4e8f-af3b-8b16440f379f,Pirenópolis - GO,Coordenação de Equipe,2023-03-06
af9e0342-b052-4c8b-9e6e-87afd65d8dcb,Pirenópolis - GO,Coordenação de Equipe,2023-03-06
05d332cd-28a3-4a76-97bf-866de39d89fa,Pirenópolis - GO,Coordenação de Equipe,2023-03-06
40a191f5-f728-4210-9b58-ce8746d4ffb3,São Roque - SP,Coordenação de Equipe,2023-03-06
3b4a109e-5c70-4bc7-a935-3b413e59b39d,São Roque - SP,Coordenação de Equipe,2023-03-06
6da34f7d-d489-4236-a9b6-821dff6cbded,São Roque - SP,Coordenação de Equipe,2023-03-06
4a8f0567-9714-4d1f-94ac-3edcd8caf313,São Roque - SP,Coordenação de Equipe,2023-03-06
09a4c630-03da-4173-96f0-6815dbeb3feb,São Roque - SP,Coordenação de Equipe,2023-03-06
b309f8fb-797c-4397-9cd0-1874a3343e3e,Tamandaré - PE,Coordenação APS,2023-03-03
55f19161-1633-468b-8c90-ca7ef74ec535,Pirenópolis - GO,Coordenação APS,2023-03-06
f336bd24-aa0d-409c-ad1a-672a490d5e96,São Roque - SP,Coordenação de Equipe,2023-03-06
96250263-c691-4521-b028-814aa3c6a8c7,Pirenópolis - GO,Coordenação APS,2023-03-06
a68f98c4-f9b8-4e3d-922a-b83483117f9b,Pirenópolis - GO,Coordenação APS,2023-03-06
ec145731-e8c9-48e7-aa7d-df574b14a2b3,Pirenópolis - GO,Coordenação APS,2023-03-06
16b23ed7-868f-4b0d-9be6-cddce05fd2e8,Pirenópolis - GO,Enfermeira (o),2023-03-03
1187aa89-ceb9-4847-997f-746a2992fe00,São Roque - SP,Coordenação de Equipe,2023-03-06
3d47992e-201f-4a50-b248-c3621d0d0c96,São Roque - SP,Coordenação de Equipe,2023-03-06
c97c2c94-af23-4638-b7b8-40fa41589e97,São Roque - SP,Coordenação de Equipe,2023-03-06
ff2f77a1-d766-4ccb-bad2-6546d61ed4e8,São Roque - SP,Coordenação de Equipe,2023-03-06
45130a54-7fea-4d41-81e6-c99bb6ae8f55,São Roque - SP,Coordenação de Equipe,2023-03-06
30f92504-cccd-4b30-ae24-52b23e959a4d,São Roque - SP,Coordenação de Equipe,2023-03-06
b5370ebf-6783-4b42-96de-311dd0782017,São Roque - SP,Coordenação APS,2023-03-06
ebb40ae2-803d-48c9-9b88-87337e842613,São Roque - SP,Coordenação APS,2023-03-06
ad15c6e2-5d7d-4908-a6b2-d7a181c57b79,Alvinópolis - MG,Coordenação de Equipe,2023-03-06
2da6b03b-3a08-498e-922b-50f604082aa9,Alvinópolis - MG,Coordenação de Equipe,2023-03-06
59a7f09d-3c87-474e-8d8d-4fb3b4d76183,Alvinópolis - MG,Coordenação de Equipe,2023-03-06
64937a25-bc06-418c-83d7-934635e65b77,Alvinópolis - MG,Coordenação de Equipe,2023-03-06
85fbd300-6d7d-4608-865a-c79b2fad590c,Alvinópolis - MG,Coordenação de Equipe,2023-03-06
2d169038-ce89-40e4-8324-a9b8a6042d92,Alvinópolis - MG,Coordenação de Equipe,2023-03-06
8c91e644-50ad-4bb7-8f25-1787b756477f,Alvinópolis - MG,Coordenação APS,2023-03-06
85c6f49f-894e-4f35-867e-0fa6a2df2e8c,Juquitiba - SP,Coordenação APS,2023-03-06
3b20aa51-5913-43d7-be0b-1a7c84335804,Pirenópolis - GO,Técnica (o) de Enfermagem,2023-03-09
4c6ac52e-2f7d-4c03-bed8-7a6abb204137,Carmo do Rio Claro - MG,Coordenação de Equipe,2023-03-09
4fde2455-b036-42c1-b600-28a09d2bee93,São Roque - SP,Coordenação de Equipe,2023-03-09
ad38d6ac-5cc6-4e95-a3c3-c1cb90b76a2b,Carolina - MA,Coordenação de Equipe,2023-03-16
7e3528de-75c4-4762-ad87-93eab5248f7f,Carolina - MA,Coordenação de Equipe,2023-03-16
8fbfbf1e-4ca2-4a86-bc7e-07bd1dac26cd,Carolina - MA,Coordenação de Equipe,2023-03-16
78936675-95ca-4ea0-baf7-222a1008507d,Carolina - MA,Coordenação de Equipe,2023-03-16
7e87c56a-f4ae-495b-878c-8f93495b5c97,Carolina - MA,Coordenação de Equipe,2023-03-16
c7f96615-90f5-410a-a3b1-bf1a28984381,Carolina - MA,Coordenação de Equipe,2023-03-16
21537ffa-ad53-4ed1-9e1b-4c7648ccdf63,Carolina - MA,Coordenação de Equipe,2023-03-16
6ac0da16-fc99-47e8-92de-686ec946948f,Carolina - MA,Coordenação de Equipe,2023-03-16
49a49a18-7334-4b7a-a122-68a723ca900b,Carolina - MA,Coordenação APS,2023-03-16
5f39fda1-6dde-4597-af37-223a15d00edf,Santo Antônio do Descoberto - GO,Coordenação de Equipe,2023-03-16
813a9c41-816f-4dbb-b116-0ac66391faba,Santo Antônio do Descoberto - GO,Coordenação de Equipe,2023-03-16
3dcbf8ca-67e3-429e-b529-b5812633b89c,Santo Antônio do Descoberto - GO,Coordenação de Equipe,2023-03-16
baffa887-d339-42ae-8ace-337764730748,Santo Antônio do Descoberto - GO,Coordenação de Equipe,2023-03-16
c0a6f457-71b3-4ed0-92dd-898a21daf834,Santo Antônio do Descoberto - GO,Coordenação de Equipe,2023-03-16
c0c09a68-dc8d-4df9-8a09-203d8ccd8b1a,Santo Antônio do Descoberto - GO,Coordenação de Equipe,2023-03-16
38028e51-e1c9-42c9-8f29-d175ad1e961e,Santo Antônio do Descoberto - GO,Coordenação de Equipe,2023-03-16
d825e410-b243-4c61-818b-d849c8c93dbb,Santo Antônio do Descoberto - GO,Coordenação de Equipe,2023-03-16
540e415c-219d-494c-b53e-7ad3d230765f,Santo Antônio do Descoberto - GO,Coordenação de Equipe,2023-03-16
c00f77d1-8b00-4b4f-8605-d63bcdbc05cd,Santo Antônio do Descoberto - GO,Coordenação de Equipe,2023-03-16
8b3ae5c8-8a6b-4b17-9583-a41ee04881f9,Santo Antônio do Descoberto - GO,Coordenação de Equipe,2023-03-16
68bd5b35-d998-4176-a9df-e15f05554b29,Santo Antônio do Descoberto - GO,Coordenação de Equipe,2023-03-16
09f6c9ec-1520-4156-a14c-327bab1736f3,Santo Antônio do Descoberto - GO,Coordenação de Equipe,2023-03-16
7cd37e5a-e818-47da-968e-6fba2f779a95,Santo Antônio do Descoberto - GO,Coordenação de Equipe,2023-03-16
ebbbf37d-502b-4ab3-8e1d-2c855b012a7b,Santo Antônio do Descoberto - GO,Coordenação de Equipe,2023-03-16
71fdc179-eb0a-4253-87f1-549cce6a7bda,Alvinópolis - MG,Coordenação de Equipe,2023-03-06
58b8e483-710b-4866-98df-100fbd93f05f,São Roque - SP,Coordenação de Equipe,2023-03-06
90629278-f5a4-4252-a8c0-367c73f555ac,Carolina - MA,Coordenação de Equipe,2023-03-16
b4fef3ff-4b91-4014-9069-2a0b213f5488,Santo Antônio do Descoberto - GO,Coordenação de Equipe,2023-03-16
447a6e7a-296f-4191-87d8-905aa4a36336,Santo Antônio do Descoberto - GO,Coordenação de Equipe,2023-03-16
c6c7f37d-7bbc-4fd0-9aad-158f38c81903,Santo Antônio do Descoberto - GO,Coordenação de Equipe,2023-03-16
e16e052d-2c3c-4369-ab06-6438950bff8f,Lábrea - AM,Coordenação de Equipe,2023-03-16
32e9e4db-4560-48be-9dd7-a800ce7d9b3c,Lábrea - AM,Coordenação de Equipe,2023-03-16
c3f8b3a8-7866-48aa-8e69-d2ddeb666dcd,Lábrea - AM,Coordenação APS,2023-03-16
0447db4b-117d-4cde-a015-df8344d0ab59,Baraúna - RN,Coordenação de Equipe,2023-03-16
4b907b7d-672f-4348-9140-9533f5c41413,Baraúna - RN,Coordenação de Equipe,2023-03-16
f1b0c117-a3c3-47bd-afd0-563f4bf30a7d,Baraúna - RN,Coordenação de Equipe,2023-03-16
fd4199c0-908b-40d7-b4cc-71fa7757151b,Baraúna - RN,Coordenação de Equipe,2023-03-16
2614a4a4-7652-45c6-9a37-d7e90bbed7a2,Baraúna - RN,Coordenação de Equipe,2023-03-16
194a536f-c2d2-4abf-ae6b-e038df047b02,Baraúna - RN,Coordenação de Equipe,2023-03-16
0bc3d68a-1c52-49fd-ae01-9a38c19ef2d7,Baraúna - RN,Coordenação de Equipe,2023-03-16
2fd4a21c-0e69-481d-a011-e52cb2a92b85,Baraúna - RN,Coordenação de Equipe,2023-03-16
eeaca580-e266-48c7-9584-98620c6dd302,Baraúna - RN,Coordenação de Equipe,2023-03-16
74eec854-4867-4261-9c71-7d9e9f1dceab,Baraúna - RN,Coordenação de Equipe,2023-03-16
18a5e5dc-a9b0-4a3f-8fc3-a70c94b38852,Baraúna - RN,Coordenação de Equipe,2023-03-16
471fe223-5c90-48a5-9285-e4bd8810b626,Baraúna - RN,Coordenação APS,2023-03-16
3a267e13-d50f-4dc0-bd84-5b0f48fc3900,Baraúna - RN,Coordenação APS,2023-03-16
28079004-30a9-4962-8c37-4c1c96e01acb,Baraúna - RN,Coordenação APS,2023-03-16
03342dda-5344-48ce-bd78-6491c65589cb,Baraúna - RN,Coordenação APS,2023-03-16
cc7dad3e-81b4-4d6a-bbff-8f946508ee05,Oiapoque - AP,Coordenação de Equipe,2023-03-16
0f853aa4-b680-4b88-9d14-02ef62079293,Oiapoque - AP,Coordenação de Equipe,2023-03-16
30f7d2cb-c0cb-4166-88c0-004942849edb,Oiapoque - AP,Coordenação de Equipe,2023-03-16
c84b7864-06ad-42bc-bdce-b6090042e0d9,Oiapoque - AP,Coordenação de Equipe,2023-03-16
8e01c75b-5a43-4a73-8bfb-f8dd65f623f0,Oiapoque - AP,Coordenação de Equipe,2023-03-16
f90b2d0b-ee11-46c0-a530-236d5b4cd56c,Oiapoque - AP,Coordenação de Equipe,2023-03-16
3a642061-70b0-4ff2-be42-ae41e4b41cea,Oiapoque - AP,Coordenação de Equipe,2023-03-16
732384a4-a747-4e9e-b881-26fe1b0149b1,Oiapoque - AP,Coordenação APS,2023-03-16
e8f4d522-61a8-40db-b3b1-b69b163047d8,Viana - MA,Coordenação de Equipe,2023-03-16
d86428f3-dabf-4a89-b175-ebbe8d71fd4e,Viana - MA,Coordenação de Equipe,2023-03-16
4ae1f8fe-cb40-4c7b-bb21-2c2236589f7e,Viana - MA,Coordenação de Equipe,2023-03-16
d9b6d04c-4a74-4206-adab-3f2566175ba8,Viana - MA,Coordenação de Equipe,2023-03-16
02dc65f3-341b-454c-a5be-34ffc3d39e3f,Viana - MA,Coordenação de Equipe,2023-03-16
a49709cf-adb4-4fa8-9b50-36204960708a,Viana - MA,Coordenação de Equipe,2023-03-16
37124bba-aee6-4f8d-b85d-4c1a2c782f89,Viana - MA,Coordenação de Equipe,2023-03-16
41905518-5f89-4ee3-8f50-4f1598b05692,Viana - MA,Coordenação de Equipe,2023-03-16
efac776c-0e6b-4b5b-9580-d51617f9721d,Viana - MA,Coordenação de Equipe,2023-03-16
8985b26e-23e9-4991-9fa9-b7ed14b69b6c,Viana - MA,Coordenação de Equipe,2023-03-16
e5b35929-59be-47f1-8c72-d15a98dfef18,Viana - MA,Coordenação de Equipe,2023-03-16
51c1d641-10a0-4268-ba73-05a94a4502a9,Viana - MA,Coordenação de Equipe,2023-03-16
a89463f1-8479-4078-ae99-73a0a38f87dc,Viana - MA,Coordenação de Equipe,2023-03-16
13853c86-dd98-4a40-97cb-5554ba80d667,Viana - MA,Coordenação de Equipe,2023-03-16
bcadff1e-dcd0-4d27-b49d-e704be70f9dc,Viana - MA,Coordenação de Equipe,2023-03-16
8bc05f23-b1e5-4b32-a30c-e7bdb7a5b476,Viana - MA,Coordenação de Equipe,2023-03-16
269a5879-68d8-495b-9499-ead6c7809af5,Viana - MA,Coordenação de Equipe,2023-03-16
a642834e-dc03-474b-bef8-78d16a8a1fbb,Viana - MA,Coordenação de Equipe,2023-03-16
11477a7a-b502-4d0a-ae42-95bec21fe02d,Viana - MA,Coordenação de Equipe,2023-03-16
8331ca47-22e6-46fa-b4b9-24b2572425fe,Viana - MA,Coordenação de Equipe,2023-03-16
2aa11998-735f-4d92-aec7-6370b02ce0d3,Lábrea - AM,Coordenação de Equipe,2023-03-16
a3ce15da-270e-4017-b992-6205392e3193,Lábrea - AM,Coordenação de Equipe,2023-03-16
7d498a71-a454-45f6-9481-7cb905a78aff,Lábrea - AM,Coordenação de Equipe,2023-03-16
98dbbcd9-5a31-40df-b799-174ae66cb19a,Lábrea - AM,Coordenação de Equipe,2023-03-16
d4121122-a34f-41e4-bd3d-0403dd305c2e,Santo Antônio do Descoberto - GO,Coordenação de Equipe,2023-03-16
99952552-b5f3-475b-a1ec-0c3a01fceecc,Santo Antônio do Descoberto - GO,Coordenação APS,2023-03-16
89ed26a7-b4f0-4b6d-801a-ca58715c0e26,Baraúna - RN,Coordenação de Equipe,2023-03-16
db1c1199-9165-46f6-bd7d-8a8ddc879f99,Baraúna - RN,Coordenação de Equipe,2023-03-16
95b2a451-6601-4057-8baa-31de577dd4e4,Viana - MA,Coordenação APS,2023-03-16
b6dca8e5-bb49-412c-bf9f-5a2d506535e7,Alagoinha - PE,Técnica (o) de Enfermagem,2023-03-14
5dd2e53b-a809-44d8-941c-c7ea18d63b78,Carmo do Rio Claro - MG,Coordenação APS,2023-03-22
ace35968-904f-417e-a8c8-c261c23c4c23,Carolina - MA,Coordenação de Equipe,2023-03-22
99fea11b-381f-4711-a89b-1df76dfa13f0,Carolina - MA,Coordenação de Equipe,2023-03-22
05db422e-2621-4fdc-b5bb-d82c899192aa,Viana - MA,Coordenação de Equipe,2023-03-22
8cbe0ae8-bc6f-4bc3-9a32-b25dc1cb037a,Lábrea - AM,Coordenação de Equipe,2023-03-16
a034d9fc-d54a-4a89-bdef-2e596af3a856,São Roque - SP,Coordenação de Equipe,2023-03-23
ee74ea30-9df5-4db1-a92d-a2bad6362ac8,Tamandaré - PE,Coordenação APS,2023-03-28
79871e17-deb1-4e92-834c-ddb9e24170bd,Jacobina - BA,Coordenação de Equipe,2023-04-04
07802bfb-f4c2-4d11-a4cd-4845bab7cd7b,Jacobina - BA,Coordenação de Equipe,2023-04-04
dfff94ea-e551-4598-8111-befe1c93a596,Jacobina - BA,Coordenação de Equipe,2023-04-04
13a0c658-dfbe-483e-b2b6-1991224e786a,Jacobina - BA,Coordenação de Equipe,2023-04-04
8e6caa81-fa8f-43b9-9e24-c8dafa991d81,Jacobina - BA,Coordenação de Equipe,2023-04-04
b9f5b01f-0db0-48cf-a5e8-a33ce77c03b4,Jacobina - BA,Coordenação de Equipe,2023-04-04
9a9a8ccf-85db-40c6-a2cd-3f27285ecc39,Jacobina - BA,Coordenação de Equipe,2023-04-04
eb64fec5-e205-4e7f-a9c6-c6f4f983b1b6,Jacobina - BA,Coordenação de Equipe,2023-04-04
feb83ec6-80af-4e84-a3dd-78a6e94964ef,Jacobina - BA,Coordenação de Equipe,2023-04-04
83d92bea-1688-4fb0-8332-b9e54d97d3ec,Jacobina - BA,Coordenação de Equipe,2023-04-04
8d3cf1a4-60d5-4c35-9e97-db9928f00601,Jacobina - BA,Coordenação de Equipe,2023-04-04
0fb8e9d1-fb8b-4d77-b6de-021de63198d1,Afuá - PA,Coordenação APS,2023-04-04
d6664348-f946-4211-9912-04f103db79ae,Afuá - PA,Coordenação de Equipe,2023-04-04
8f46b665-b4cb-4c2d-afb7-d04d8ec9b2a6,Afuá - PA,Coordenação de Equipe,2023-04-04
c20f23c6-f6d3-4b4d-af70-bd15a307dcaa,Afuá - PA,Coordenação APS,2023-04-04
3f051654-8613-4228-800c-8f7b81a0f107,Afuá - PA,Coordenação de Equipe,2023-04-04
d8d65a9e-28a1-419b-af45-57ea97174ae0,Afuá - PA,Coordenação de Equipe,2023-04-04
2d096f3c-7a86-4887-87da-5c26db7800ff,Bonfim - RR,Coordenação de Equipe,2023-04-04
574987c4-f56c-4f77-869e-fdb39673b289,Bonfim - RR,Coordenação APS,2023-04-04
b43c8909-942f-4379-88f4-c9ca05165ca0,Bonfim - RR,Coordenação de Equipe,2023-04-04
e31a885e-1f40-40f7-a862-6f579f1505b7,Bonfim - RR,Coordenação de Equipe,2023-04-04
8199c1b5-85b8-4b87-a236-9a07ef6cdebb,Bonfim - RR,Coordenação APS,2023-04-04
d813c976-8939-450c-aa9e-e89cfb317f99,Bonfim - RR,Coordenação de Equipe,2023-04-04
bfc86c5b-148d-4cdc-b89f-b2f3ee72cb84,Tarrafas - CE,Coordenação APS,2023-04-04
3a58c139-6567-44eb-9384-88711a2712dd,Tarrafas - CE,Coordenação de Equipe,2023-04-04
fed22165-9980-4358-a2cf-11c427109931,Tarrafas - CE,Coordenação de Equipe,2023-04-04
4a044219-afd8-4c72-8d1f-417e78905259,Tarrafas - CE,Coordenação de Equipe,2023-04-04
0dc5790c-38c3-4da6-b3fc-58db8094ef41,Tarrafas - CE,Coordenação de Equipe,2023-04-04
8f5fdc2b-3024-4d01-9a41-a22dbcc7a4c8,Fartura do Piauí - PI,Coordenação de Equipe,2023-04-04
858338c3-d05a-4705-adc7-4b13406a3948,Fartura do Piauí - PI,Coordenação de Equipe,2023-04-04
04351d55-3c6c-4519-8d8c-8c8e05de8262,Fartura do Piauí - PI,Coordenação de Equipe,2023-04-04
df6ccadd-208e-41c8-97b2-92f38b9f9c71,Fartura do Piauí - PI,Coordenação APS,2023-04-04
d178b0b1-dd7c-497f-8618-371eef8ebab1,Alagoinha - PE,Técnica (o) de Enfermagem,2023-04-12
50b6c45e-9773-4f1e-9a24-65b3b9998d44,Rio Piracicaba - MG,Coordenação de Equipe,2023-04-12
7e394871-7453-47c2-9e15-26b9b2662ceb,Afuá - PA,Coordenação APS,2023-04-04
6f42691c-2878-49a9-b0e8-156ece4486ad,Jacobina - BA,Coordenação de Equipe,2023-04-04
95c39c5e-aafb-4ee5-b295-b2c0e7a49337,Jacobina - BA,Coordenação de Equipe,2023-04-04
2f6e56c3-055c-4976-b60d-991b4faba996,Jacobina - BA,Coordenação de Equipe,2023-04-04
b78a168b-6819-4057-9a0a-3e595fab5fa9,Jacobina - BA,Coordenação de Equipe,2023-04-04
f67a688f-12e9-4f83-89be-9e091e1315e0,Bonfim - RR,Coordenação de Equipe,2023-04-04
4dd241ba-7b33-4d00-9fe2-1e12f53c3787,Bonfim - RR,Coordenação de Equipe,2023-04-04
5409159c-39b8-4480-90dc-222ce0d25c24,Jacobina - BA,Coordenação APS,2023-04-04
1ef61f85-ab9f-4798-89b5-3d2451175549,Afuá - PA,Coordenação de Equipe,2023-04-04
9e427f66-07a4-47d9-95e4-e6bbe3316c0c,Bonfim - RR,Coordenação APS,2023-04-04
f6effb5e-a514-407f-8c3a-1749b2a726cb,Carmo do Rio Claro - MG,Coordenação APS,2023-04-12
7f476758-4262-4e15-ae8f-8ce07fc86ca7,Amparo - SP,Coordenação de Equipe,2023-04-24
0b31eadb-05f9-4bb3-8c42-79b56b6283aa,Jacobina - BA,Técnico(a) de Enfermagem,2023-04-24
c6ab45ac-28b9-4869-9d34-01ded0bf4f9e,Jacobina - BA,Técnico(a) de Enfermagem,2023-04-24
ee66e1a2-ba5d-4c2a-8a62-2b47f06c0192,Santo Antônio do Descoberto - GO,Técnico(a) de Enfermagem,2023-04-24
7c0b85ad-12bd-4a69-991f-a1be5e33ef82,Carolina - MA,Técnico(a) de Enfermagem,2023-04-24
fe2bed64-1ff5-48d0-8416-00da59d2f840,Jacobina - BA,Técnico(a) de Enfermagem,2023-04-24
bb03209a-6c79-4336-aaf9-cc3b3623667a,Santo Antônio do Descoberto - GO,Técnico(a) de Enfermagem,2023-04-24
976d32dc-a037-4546-9b07-b1984f9e74c2,Jacobina - BA,Técnico(a) de Enfermagem,2023-04-24
fc23bd06-faf1-4207-acbb-f6c9cddc5d98,Jacobina - BA,Técnico(a) de Enfermagem,2023-04-24
fe987602-9b00-47b3-afa9-f1bb95eb86b0,Fartura do Piauí - PI,Coordenação APS,2023-04-25
eee58c18-1c07-40ea-9a5e-4118d791e75a,Baraúna - RN,Técnico(a) de Enfermagem,2023-04-28
08ecb634-5cf3-4dc0-b447-6082771ecc6e,Baraúna - RN,Técnico(a) de Enfermagem,2023-04-28
b013ca00-9036-4b6f-9602-54430dbd2942,Três Marias - MG,Técnico(a) de Enfermagem,2023-04-28
1b4a245d-0821-4885-beba-bed989d6e069,Pirenópolis - GO,Coordenação APS,2023-03-06
2cf4acde-8c77-4298-afed-6cd7a5cf53e0,Itabirito - MG,Coordenação de Equipe,2023-05-09
1b434f93-8fdb-4cce-86b5-2e52f245c372,Itabirito - MG,Coordenação de Equipe,2023-05-09
603ca9bf-f601-42f7-9961-62e1bedf72b2,Itabirito - MG,Coordenação de Equipe,2023-05-09
0a9eddb8-1efb-47b9-9c78-74d01ea0020e,Itabirito - MG,Coordenação de Equipe,2023-05-09
cdf69418-93fa-4a52-b14e-886ebb9c6268,Itabirito - MG,Coordenação de Equipe,2023-05-09
370a15ef-ce73-4e03-837f-3f47dfb48734,Itabirito - MG,Coordenação de Equipe,2023-05-09
d20aeccf-e02b-4d54-a349-aa43e906e18b,Itabirito - MG,Coordenação de Equipe,2023-05-09
a0be3ec6-867e-424f-8e12-014f242a35fa,Itabirito - MG,Coordenação de Equipe,2023-05-09
a6967ded-1b7a-4aee-8561-d432c527638a,Amparo - SP,Coordenação de Equipe,2023-04-24
386d6c8d-46c1-41dd-ac66-5c9c458e1d1b,Santo Antônio do Descoberto - GO,Médica (o),2023-04-28
50040179-d204-44db-a73b-21381a672efd,Itabirito - MG,Coordenação de Equipe,2023-05-09
ed9f5f05-7558-4dbc-aba4-76ec6e0fb404,Baraúna - RN,Técnica (o) de Enfermagem,2023-04-28
b3416916-d480-4fdd-a38e-9ef6bff1414c,Santo Antônio do Descoberto - GO,Técnico(a) de Enfermagem,2023-04-24
609c8b19-4368-4005-957a-2cb098ddd3cc,Santo Antônio do Descoberto - GO,Médica (o),2023-04-24
cb98ecd0-abba-4846-8dc3-486323e25120,Santo Antônio do Descoberto - GO,Técnica (o) de Enfermagem,2023-04-24
5574e223-7df5-44d5-ada6-ba1a237fc197,Viana - MA,Coordenação de Equipe,2023-04-24
f9b40330-f39a-4c83-8222-9053dc14604c,Amparo - SP,Coordenação APS,2023-04-24
4d9bafd5-31ff-4961-a0d3-156f31e2c92a,Jacobina - BA,Médica (o),2023-04-24
9df3316f-bd04-4dc8-b816-74ed336c2a73,Viana - MA,Médica (o),2023-04-24
8037d0f2-eed3-496f-941b-093e629f34d3,Itabirito - MG,Coordenação de Equipe,2023-05-09
6fa326a6-cafa-44fc-acba-63249df0a0a2,Santo Antônio do Descoberto - GO,Técnica (o) de Enfermagem,2023-04-24
2e6712fa-b5a9-480e-97c0-a3ccec50fec0,Baraúna - RN,Técnica (o) de Enfermagem,2023-04-28
351e7176-eabf-47d5-8b9e-b062194aa9f9,Oiapoque - AP,Técnica (o) de Enfermagem,2023-04-24
1a7d9ed9-72f1-43f4-89d4-bb81023425f9,Jacobina - BA,Médica (o),2023-04-24
9fce8ba6-eb2e-4f52-8f93-4b3c4b3c95f3,Santo Antônio do Descoberto - GO,Médica (o),2023-04-24
e8b4b3eb-dce8-4710-a06c-55ceb71ef469,Amparo - SP,Coordenação de Equipe,2023-04-24
76341aa0-909b-4121-9df1-6b4d8f1dcd93,Amparo - SP,Coordenação de Equipe,2023-04-24
3926bd69-0c35-475f-98a0-07a6bcc56ddd,Amparo - SP,Coordenação de Equipe,2023-04-24
f76fc10d-ae58-491f-81d2-cf722c88700a,Amparo - SP,Coordenação de Equipe,2023-04-24
785621fa-fbb1-472c-96a8-f9352402d6ca,Amparo - SP,Coordenação de Equipe,2023-04-24
96c8c07e-e28e-4aa9-a3eb-633a8e694830,Amparo - SP,Coordenação de Equipe,2023-04-24
865d7318-9a85-4df5-b285-e93039bf8222,Amparo - SP,Coordenação de Equipe,2023-04-24
ae15012c-d9ab-448f-a0cb-f986a76f11ac,Amparo - SP,Coordenação de Equipe,2023-04-24
8424df41-886b-41e0-838c-88cff104ec4d,Amparo - SP,Coordenação de Equipe,2023-04-24
8649c7dc-f86b-4fce-8f7c-1099261d3e99,Amparo - SP,Coordenação de Equipe,2023-04-24
3084b804-cf2d-4f6c-8797-50e7b1250d0e,Amparo - SP,Coordenação de Equipe,2023-04-24
d49165f9-2186-4218-b64c-0d1bbb2d5eb1,Itabirito - MG,Coordenação de Equipe,2023-05-09
2cc6bfc7-a3d6-4d7d-9b76-468bace2a315,Itabirito - MG,Coordenação de Equipe,2023-05-09
dd2eeaae-c0b7-4282-9033-e74d2365ac60,Itabirito - MG,Coordenação APS,2023-05-09
4137c61d-301b-44f5-ac71-5cb60df4cac8,Itabirito - MG,Coordenação APS,2023-05-09
0d6faa2f-6b57-4f35-b353-8b7f1caf87e4,Itabirito - MG,Coordenação APS,2023-05-09
8a6a30e7-8344-4293-9fdd-aa8577ad45de,Itabirito - MG,Coordenação APS,2023-05-09
bec7908e-d6eb-444b-9092-f7f655225fa7,Itabirito - MG,Coordenação APS,2023-05-09
7ddb8b72-cf45-4174-add1-4d4a5ad5f3b8,Itabirito - MG,Coordenação APS,2023-05-09
560e35a2-316c-4a2b-bf52-0be426a83dff,Itabirito - MG,Coordenação APS,2023-05-09
58dbab2e-a8fd-4703-87ec-a598ad1b6a5d,Itabirito - MG,Coordenação APS,2023-05-09
e4f6e6ca-218a-46af-96ee-0d093f5b48ef,Cristino Castro - PI,Coordenação APS,2023-05-09
e6b38a76-e9fb-49a2-813e-20f3e73cf14d,Cristino Castro - PI,Coordenação de Equipe,2023-05-09
9c01673e-bc7d-4d70-b1ea-b2265ba7b4d0,Cristino Castro - PI,Coordenação de Equipe,2023-05-09
73b35c63-9938-449d-b53a-9a18d29f5ef7,Cristino Castro - PI,Coordenação de Equipe,2023-05-09
33118ed1-2668-4103-9957-7af9d06186bd,Cristino Castro - PI,Coordenação de Equipe,2023-05-09
dd8991f3-8652-4b34-80cf-67a16f4cb72a,Cristino Castro - PI,Coordenação de Equipe,2023-05-09
716a3259-1e3a-4c43-b5b1-91142f95b8f2,Paes Landim - PI,Coordenação APS,2023-05-09
448c40c0-6bc8-495c-a268-bc9735d32765,Paes Landim - PI,Coordenação de Equipe,2023-05-09
568f8ab3-25d4-4e30-ac90-ca526486a485,Paes Landim - PI,Coordenação APS,2023-05-09
e27a6b81-09c8-46d0-958d-54cbfcaf687c,Paes Landim - PI,Coordenação de Equipe,2023-05-09
021f43b9-c167-44b3-bc42-5420212df999,Paes Landim - PI,Coordenação APS,2023-05-09
64ffb167-f76a-45df-bf41-0d43912a14eb,Paes Landim - PI,Coordenação APS,2023-05-09
0ba4c0e6-4e0b-41b4-bd08-0524f7ece3de,Paes Landim - PI,Coordenação APS,2023-05-09
130f4891-f6c4-48d2-9d05-d13b03ec11e0,Amparo - SP,Coordenação de Equipe,2023-05-10
3d6bc003-cf38-4d5f-96f5-9c85250aee66,Itabirito - MG,Coordenação de Equipe,2023-05-12
2053cad8-da41-4604-a2c1-f18d80a45a14,Itabirito - MG,Coordenação de Equipe,2023-05-12
a608d7ea-f6e9-4211-81cf-0cdf2d84e2b1,Itabirito - MG,Coordenação de Equipe,2023-05-12
0774fded-97f5-4022-b8b5-ed8847da39c0,Viana - MA,Coordenação APS,2023-05-16
d8b81bb2-dadf-47ee-aa25-fcbbb19ef74f,Itabirito - MG,Coordenação de Equipe,2023-05-09
c072e831-d67c-4fec-b685-1d6ffec8cb80,Itabirito - MG,Coordenação de Equipe,2023-05-09
cabc5231-54cd-4b98-a2fb-21fcc4da3d04,Itabirito - MG,Coordenação de Equipe,2023-05-09
40fa3489-e931-49ef-97b5-75516402f0fb,Itabirito - MG,Coordenação de Equipe,2023-05-09
7467a568-babe-4eff-b94f-a1d52d7cf594,Itabirito - MG,Coordenação de Equipe,2023-05-09
99dfa865-dc78-4e62-aca6-48296dab3674,Itabirito - MG,Coordenação de Equipe,2023-05-09
94fb1c55-276d-436d-8865-01aade6f76dd,Itabirito - MG,Coordenação de Equipe,2023-05-09
d979eee6-dcd2-4824-a243-6f8d64bb3c31,Itabirito - MG,Coordenação de Equipe,2023-05-09
e05d587e-9541-4c39-88c7-55161f11d225,Itabirito - MG,Coordenação de Equipe,2023-05-09
adcab27c-78c2-4a7a-8057-1baabef8b1dc,Itabirito - MG,Coordenação de Equipe,2023-05-09
e2b3473f-6889-46bf-93ca-21886ce8f987,Nova Olinda do Maranhão - MA,Coordenação APS,2023-05-22
62009c46-5bb3-43d0-b510-18bf0a176bab,Santa Luz - PI,Coordenação de Equipe,2023-05-25
3ee01286-9d53-4a73-a656-3f6022db9c75,Viana - MA,Coordenação de Equipe,2023-05-25
27f6580c-f857-41af-9b63-209924535799,Santa Luz - PI,Coordenação APS,2023-05-25
113426df-0a47-4b62-8e8c-a81130fec5ca,Dois Vizinhos - PR,Coordenação de Equipe,2023-06-05
9bb1d1b6-4954-47f3-901d-ce3acc9a076e,Dois Vizinhos - PR,Coordenação de Equipe,2023-06-05
f27b3a44-7f4e-4f11-906c-80648db5de56,Dois Vizinhos - PR,Coordenação de Equipe,2023-06-05
3f159978-b26b-4a5a-8750-c2467d0fe403,Dois Vizinhos - PR,Coordenação de Equipe,2023-06-05
1eea3882-fbaf-44b1-9934-87bc3dbe8c64,Dois Vizinhos - PR,Coordenação de Equipe,2023-06-05
e40ce44f-14b8-470b-abfd-2212632ded3b,Dois Vizinhos - PR,Coordenação APS,2023-06-05
d7664f95-fd5e-4bda-8d0a-6709f9a2cc8b,Jacobina - BA,Coordenação de Equipe,2023-05-10
c4525391-e568-4e45-918f-1d2a1be6c9cc,Santa Luz - PI,Coordenação de Equipe,2023-05-25
49db7a22-121c-4b40-a66d-a5f48aeab896,Santa Luz - PI,Coordenação de Equipe,2023-05-25
c1f482b7-41cc-4775-95b3-7a8e235d5fe2,Dois Vizinhos - PR,Coordenação de Equipe,2023-06-05
812665d5-0e0e-47aa-ac27-3806a8b9f57f,Dois Vizinhos - PR,Coordenação de Equipe,2023-06-05
30f539e0-2823-4eaf-9a27-d07426502f7a,Dois Vizinhos - PR,Coordenação de Equipe,2023-06-05
fdda2cd2-09a1-41a9-a3b7-79a753224050,Dois Vizinhos - PR,Coordenação de Equipe,2023-06-05
0014b0b8-c3a8-48d8-abad-85f2e170ee9c,Dois Vizinhos - PR,Coordenação de Equipe,2023-06-05
05105dbe-511a-45ff-8237-88686be8c004,Dois Vizinhos - PR,Coordenação de Equipe,2023-06-05
ecb52d84-3a24-4c81-a1f8-11f87e9c664e,Mazagão - AP,Coordenação de Equipe,2023-06-05
708a9139-68c7-47f5-acf3-a44aa3810410,Mazagão - AP,Coordenação de Equipe,2023-06-05
25d25ba4-c3de-48f2-b16f-4cf2b292fc08,Mazagão - AP,Coordenação de Equipe,2023-06-05
cb414428-003c-4ce4-b7ef-50a884101255,Mazagão - AP,Coordenação de Equipe,2023-06-05
7c74aec1-7c29-43c4-a137-d6309f97c615,Mazagão - AP,Coordenação de Equipe,2023-06-05
81ac1cec-f081-4619-ad82-c029a01afcd4,Mazagão - AP,Coordenação de Equipe,2023-06-05
b4505d21-12e8-4ecc-82cb-aad87203ad8d,Mazagão - AP,Coordenação de Equipe,2023-06-05
815832fa-6ae5-42a8-8739-6985f324fc8e,Tapiratiba - SP,Coordenação APS,2023-06-05
f26179c3-020f-4b1a-8475-264b167a1c5e,Tapiratiba - SP,Coordenação de Equipe,2023-06-05
fbe42ed1-4c5a-49fb-a21c-78e87d713545,Tapiratiba - SP,Coordenação de Equipe,2023-06-05
627bd5f0-44be-4368-8926-893cc480868f,Tapiratiba - SP,Coordenação de Equipe,2023-06-05
3d3420d4-15e5-46c4-9537-510526b011bd,Tapiratiba - SP,Coordenação APS,2023-06-05
cfb1af5b-f7c6-4eb6-a0e4-8175d8b58958,São José do Herval - RS,Coordenação APS,2023-06-05
cd819dd6-f5e5-4fb0-a590-5f83d00e12a9,São José do Herval - RS,Coordenação de Equipe,2023-06-05
08e38208-241a-4179-af3a-88e7dd6c2a82,Itabirito - MG,Coordenação APS,2023-06-06
a7f5d7b7-86c8-4d4b-a5e8-12f03bce3549,Juquitiba - SP,Coordenação de Equipe,2023-06-06
7088f2fc-c4d6-4df3-a6f1-550fac0ba5dd,Juquitiba - SP,Coordenação de Equipe,2023-06-06
6760b6ab-64ef-4990-9602-37efa45e30e8,Mazagão - AP,Coordenação APS,2023-06-21
939b5c68-0133-4b86-83c1-04682137fa28,Jandaíra - BA,Coordenação APS,2023-06-30
0ff08271-c34c-4b71-a5c5-32903079afb0,Mazagão - AP,Coordenação de Equipe,2023-06-21
feafe49c-7a19-4ebe-a606-4a7f4ce0e8ed,Mazagão - AP,Coordenação de Equipe,2023-06-20
546d0481-dbd8-4f8f-ae6b-0069b50ea180,Itabirito - MG,Coordenação APS,2023-06-22
7e03e8cd-7c04-4c53-ac86-122800a43f7b,Minaçu - GO,Coordenação de Equipe,2023-06-23
4463eb4e-38a8-4e77-92ad-c231780becff,Minaçu - GO,Coordenação APS,2022-11-10
ea562f96-e734-420a-a7c9-63b655c08efa,Tamandaré - PE,Coordenação APS,2022-11-22
ac173eb4-6bdc-4a11-aecb-720ba9ba4180,Jandaíra - BA,Coordenação de Equipe,2023-06-30
b685baf1-29b5-4653-98a2-564b648243a8,Jandaíra - BA,Coordenação de Equipe,2023-06-30
8d710a94-d541-4d27-9ccb-359a6faae27d,Jandaíra - BA,Coordenação de Equipe,2023-06-30
5aab608d-e9a7-41a5-a942-421dc3de10d3,Jandaíra - BA,Coordenação de Equipe,2023-06-30
6d9e7fd7-62e4-42ca-88fc-2460c4ca9f91,Mazagão - AP,Coordenação APS,2023-06-05
64651b90-8c6e-4435-a566-f7d1d5dabc05,Viçosa - MG,Coordenação de Equipe,2022-11-23
730f5592-7164-446e-9eec-2863f5877817,Jandaíra - BA,Coordenação de Equipe,2023-06-30
e27189a0-15ba-4351-8f7f-d73b6636c735,Afuá - PA,Coordenação APS,2023-06-06
8556c267-18a7-4ba4-b454-db5659b51fe5,Balneário Piçarras - SC, Coordenação de Equipe,2022-10-26
3806b6ed-9c6a-4123-aefa-549e4b80a1cb,Itabirito - MG,Coordenação de Equipe,2023-05-09
a5287d16-582a-437c-a180-1d8d3911d8d1,Três Marias - MG,Coordenação de Equipe,2022-11-10
f0d9a64e-20bb-4efd-a38a-db93810fc3a8,São Roque - SP,Coordenação de Equipe,2023-05-10
4316262f-04bc-4ba0-a9d2-fcf8330e11ef,Impulsolândia - BR,Coordenação APS,2022-10-26
dc561e26-710f-40be-b305-9969e97b46b1,Brejo de Areia - MA,Coordenação de Equipe,2023-02-17
2a434508-2260-4c3d-8a1b-2fdabcd58e8d,Amparo - SP,Coordenação de Equipe,2023-04-24
d106d9e7-c3c3-4f1c-90d1-12023a1897d5,Amparo - SP,Coordenação de Equipe,2023-04-24
